<?xml version="1.0" encoding="UTF-8"?>
<reportUnit exportedWithPermissions="false">
    <folder>/public/Samples/TIBCO_NOW/Bursting_Sample</folder>
    <name>Monthly_Store_Snapshot</name>
    <version>6</version>
    <label>Monthly Store Snapshot</label>
    <description></description>
    <creationDate>2016-05-09T11:24:13.174+01:00</creationDate>
    <updateDate>2016-05-09T18:43:27.123+01:00</updateDate>
    <mainReport>
        <localResource
            xmlns:xsi="http://www.w3.org/2001/XMLSchema-instance"
            exportedWithPermissions="false" dataFile="main_jrxml.data" xsi:type="fileResource">
            <folder>/public/Samples/TIBCO_NOW/Bursting_Sample/Monthly_Store_Snapshot_files</folder>
            <name>main_jrxml</name>
            <version>8</version>
            <label>Main jrxml</label>
            <creationDate>2016-05-09T11:24:13.174+01:00</creationDate>
            <updateDate>2016-05-09T18:20:01.160+01:00</updateDate>
            <fileType>jrxml</fileType>
        </localResource>
    </mainReport>
    <dataSource>
        <uri>/public/Samples/Data_Sources/FoodmartDataSourceJNDI</uri>
    </dataSource>
    <inputControl>
        <localResource
            xmlns:xsi="http://www.w3.org/2001/XMLSchema-instance"
            exportedWithPermissions="false" xsi:type="inputControl">
            <folder>/public/Samples/TIBCO_NOW/Bursting_Sample/Monthly_Store_Snapshot_files</folder>
            <name>store_manager</name>
            <version>4</version>
            <label>Store Manager</label>
            <description></description>
            <creationDate>2016-05-09T18:20:01.319+01:00</creationDate>
            <updateDate>2016-05-09T18:36:25.452+01:00</updateDate>
            <type>4</type>
            <mandatory>false</mandatory>
            <readOnly>false</readOnly>
            <visible>true</visible>
            <query>
                <localResource exportedWithPermissions="false" xsi:type="query">
                    <folder>/public/Samples/TIBCO_NOW/Bursting_Sample/Monthly_Store_Snapshot_files/store_manager_files</folder>
                    <name>Query</name>
                    <version>2</version>
                    <label>Query</label>
                    <description></description>
                    <creationDate>2016-05-09T18:36:25.452+01:00</creationDate>
                    <updateDate>2016-05-09T18:36:25.452+01:00</updateDate>
                    <language>sql</language>
                    <queryString>SELECT distinct store.store_manager
FROM sales_fact_1997
	INNER JOIN time_by_day ON 
	 sales_fact_1997.time_id = time_by_day.time_id 
	INNER JOIN store ON 
	sales_fact_1997.store_id =  store.store_id
WHERE 
	 time_by_day.the_month = 'May' AND sales_fact_1997.store_sales &gt; 0</queryString>
                    <dataSource>
                        <uri>/public/Samples/Data_Sources/FoodmartDataSourceJNDI</uri>
                    </dataSource>
                </localResource>
            </query>
            <queryVisibleColumn>store_manager</queryVisibleColumn>
            <queryValueColumn>store_manager</queryValueColumn>
        </localResource>
    </inputControl>
    <inputControl>
        <localResource
            xmlns:xsi="http://www.w3.org/2001/XMLSchema-instance"
            exportedWithPermissions="false" xsi:type="inputControl">
            <folder>/public/Samples/TIBCO_NOW/Bursting_Sample/Monthly_Store_Snapshot_files</folder>
            <name>month</name>
            <version>3</version>
            <label>Month</label>
            <description></description>
            <creationDate>2016-05-09T18:20:01.319+01:00</creationDate>
            <updateDate>2016-05-09T18:20:01.319+01:00</updateDate>
            <type>2</type>
            <mandatory>false</mandatory>
            <readOnly>false</readOnly>
            <visible>true</visible>
            <dataType>
                <localResource exportedWithPermissions="false" xsi:type="dataType">
                    <folder>/public/Samples/TIBCO_NOW/Bursting_Sample/Monthly_Store_Snapshot_files/month_files</folder>
                    <name>myDatatype</name>
                    <version>1</version>
                    <label>myDatatype</label>
                    <description></description>
                    <creationDate>2016-05-09T18:20:01.319+01:00</creationDate>
                    <updateDate>2016-05-09T18:20:01.319+01:00</updateDate>
                    <type>1</type>
                    <regularExpr></regularExpr>
                    <strictMin>false</strictMin>
                    <strictMax>false</strictMax>
                </localResource>
            </dataType>
        </localResource>
    </inputControl>
    <inputControlRenderingView></inputControlRenderingView>
    <reportRenderingView></reportRenderingView>
    <alwaysPromptControls>true</alwaysPromptControls>
    <controlsLayout>4</controlsLayout>
</reportUnit>
